id,psd_size_at_d10_mm,psd_size_at_d20_mm,psd_size_at_d30_mm,psd_size_at_d40_mm,psd_size_at_d50_mm,psd_size_at_d60_mm,psd_size_at_d70_mm,psd_size_at_d80_mm,psd_size_at_d90_mm,psd_size_at_d95_mm,psd_size_at_d98_mm,psd_has_sedimentation,psd_passing_at_0_002mm_pct,psd_passing_at_0_063mm_pct,psd_passing_at_2mm_pct,proctor_mdd_g_cm3,proctor_owc_pct,proctor_diam_mm,grain_density_g_cm3,hyd_cond_kf_m_s,hyd_cond_hyd_gradient,atterberg_liquid_limit_pct,atterberg_plastic_limit_pct,loss_on_ignition_pct
0,0.136773,0.315214,0.547515,0.93393,1.788142,3.313938,7.21401,12.517275,20.160863,25.20054,28.810465,True,0.68,4.48,51.68,2.068,8.06,150,2.65,,,,,
1,0.014579,0.06206,0.119258,0.221877,0.42355,1.022249,2.978369,6.081199,10.622063,13.657046,15.879819,True,4.27,20.23,65.49,2.037,10.42,100,2.69,,,,,1.3
2,0.003243,0.022301,0.087024,0.156595,0.217595,0.323793,0.512853,1.546115,10.921905,19.931186,26.230078,True,8.84,27.19,81.4,2.051,10.94,100,2.722,1.4e-10,30.0,26.45,13.75,
3,0.000355,0.000859,0.00208,0.004772,0.009031,0.015228,0.025404,0.04192,0.151357,0.367355,0.809442,True,29.56,84.32,99.61,1.648,20.31,100,2.67,1.1e-09,3.0,47.63,22.44,4.3
4,0.00036,0.004868,0.010546,0.015848,0.021282,0.026753,0.03351,0.042328,0.067946,0.203424,0.67814,True,15.09,89.55,99.28,1.82,15.76,100,2.67,,,,,1.7
5,0.019744,0.142683,0.285699,0.353478,0.437337,0.544121,0.683417,0.858374,1.209994,1.615148,1.920746,True,0.0,15.72,98.7,2.056,10.13,100,2.67,5.245e-08,12.51,,,0.7
6,0.007377,0.068729,0.183111,0.282328,0.381776,0.517847,0.720926,1.008259,2.277577,5.454203,11.328627,False,4.16,19.61,89.16,2.11,8.28,100,2.63,,,,,
7,0.272051,0.350135,0.450631,0.560024,0.679114,0.823528,0.998651,1.385701,1.924588,2.74441,3.516315,False,0.0,1.49,91.17,1.744,9.91,100,2.65,2.72246e-06,30.0,,,
8,0.19551,0.42888,0.72635,1.17757,2.2243,4.16393,7.44262,14.38462,29.44681,42.131623,52.233622,False,0.0,0.0,48.33,2.15,7.96,150,2.67,,,,,
9,0.001398,0.008234,0.022902,0.052877,0.132163,0.215478,0.295641,0.376182,0.478665,0.700775,0.96262,True,11.63,41.87,99.42,1.961,11.13,100,2.65,,,28.3,15.8,2.6
10,0.074093,0.273865,0.39213,0.729818,2.439525,5.397719,10.12973,16.931951,25.087087,30.536681,45.345019,False,0.0,9.51,47.69,2.157,8.23,150,2.702,,,,,
11,0.062131,0.098724,0.156869,0.249261,0.396067,0.629339,1.0,2.115362,3.769146,4.732864,5.369354,False,0.0,10.3,79.0,1.932,11.11,100,2.65,,,,,
12,0.178671,0.284356,0.360453,0.456915,0.597076,0.794913,1.13921,2.295216,6.551546,12.411347,20.402187,False,0.0,3.86,78.55,1.923,11.27,100,2.65,0.00013151048,3.75,,,
13,0.289382,0.401422,0.544898,0.707661,0.919044,1.341568,2.089188,3.604314,5.671522,7.037527,8.08237,False,0.0,1.44,69.2,1.884,10.19,100,2.65,2.526513e-05,30.0,,,
14,0.34325,0.57669,0.81966,1.37853,2.99623,4.96322,7.26308,15.37242,30.36286,42.67199,52.338711,False,0.0,0.0,44.79,2.101,6.9,150,2.65,,,,,
15,0.013152,0.067878,0.168313,0.284255,0.403336,0.601016,0.968103,2.263601,5.919468,9.738284,13.11792,True,2.66,19.36,78.68,2.036,10.31,100,2.67,1.727e-08,30.0,,,2.3
16,0.00195,0.007188,0.016128,0.031243,0.064552,0.141196,0.222843,0.315901,0.431912,0.526532,0.854939,True,10.13,49.73,99.68,1.818,15.97,100,2.67,3.5e-09,30.0,,,3.4
17,0.179204,0.388294,0.656142,1.04081,1.726878,3.461812,7.289474,13.883202,21.506483,26.02795,29.185176,True,0.71,4.02,52.9,2.074,6.38,150,2.65,,,,,
18,0.038667,0.253811,0.357957,0.505547,0.74972,1.223061,2.631011,6.357852,14.035809,20.993715,27.039497,False,0.0,11.66,66.57,2.074,8.62,150,2.65,,,,,
19,0.002397,0.007302,0.016432,0.033203,0.073775,0.152855,0.294587,0.667556,2.746702,6.129475,10.693073,True,8.96,47.94,87.89,1.887,14.11,100,2.65,4.4e-10,30.0,34.32,19.29,3.5
20,0.278723,0.354923,0.451956,0.55395,0.660591,0.787761,0.939412,1.234038,1.709712,2.052215,3.082853,False,0.0,0.57,94.81,1.75,12.77,100,2.65,,,,,
21,0.002867,0.015123,0.079781,0.193208,0.308621,0.447187,0.663011,0.99276,2.655087,6.991697,14.575309,False,7.86,28.58,88.32,2.06,9.37,100,2.63,6.4e-10,30.0,,,
22,0.004178,0.02056,0.07578,0.201157,0.390253,0.75722,1.784362,4.304822,8.76895,13.114803,18.50316,True,7.03,28.45,71.19,1.937,11.64,150,2.65,,,35.67,20.66,3.0
23,0.001823,0.005071,0.009024,0.015581,0.026315,0.043771,0.081646,0.275425,0.568624,1.331392,6.221932,True,10.63,67.48,96.18,1.711,19.3,100,2.67,2.2e-10,30.0,48.6,25.74,5.2
24,0.047654,0.066362,0.092415,0.126473,0.144485,0.165062,0.188569,0.215424,0.246103,0.340381,0.433731,False,0.0,18.43,99.98,1.807,11.14,100,2.65,,,,,
25,0.022747,0.134662,0.305628,0.416124,0.545651,0.677027,0.840035,1.069271,1.515611,1.80442,2.034099,True,0.0,17.67,97.95,2.104,8.91,100,2.66,2.20102e-06,1.98,,,0.6
26,0.002629,0.010768,0.044099,0.144024,0.247838,0.357361,0.516725,0.801281,1.661226,3.957441,9.406881,False,8.1,32.53,91.81,2.065,9.73,100,2.65,5.1e-10,30.25,,,
27,0.141229,0.284809,0.642959,2.094167,4.38692,8.327496,14.118328,20.055171,26.965356,31.267709,47.047253,True,0.36,4.91,39.39,2.192,7.58,150,2.7,,,,,
28,0.142032,0.305941,0.474551,0.654492,0.888452,1.246555,1.785859,2.48347,3.40665,3.989898,6.1815,False,0.0,6.91,73.15,1.994,9.38,100,2.65,0.000104598,30.0,,,1.2
29,0.280914,0.366362,0.477801,0.58858,0.71656,0.872368,1.099317,1.497998,2.088978,2.904993,3.540559,False,0.0,0.67,89.34,1.746,12.0,100,2.65,0.00049430524,3.75,,,0.3
30,0.17895,0.35254,0.51191,0.68596,0.86,1.10252,1.62672,2.47096,4.58243,6.240378,7.510692,False,0.0,0.0,74.94,1.97,8.49,100,2.65,,,,,
31,0.004157,0.046208,0.099872,0.1533,0.208753,0.281511,0.374479,0.498149,0.972734,2.267215,4.795025,True,6.56,23.04,94.45,2.033,9.49,100,2.65,,,,,1.5
32,0.001825,0.002395,0.003315,0.005712,0.014379,0.045983,0.166302,0.347948,0.618358,0.96265,1.868337,True,13.37,62.56,98.28,1.771,16.78,100,2.65,1.1e-10,30.0,48.01,23.67,3.9
33,0.013521,0.116286,0.271968,0.381952,0.531984,0.717777,0.968457,1.418371,2.173767,3.058465,3.753859,True,1.79,15.42,88.78,1.995,11.57,100,2.67,,,,,
34,0.352044,0.518915,0.637806,0.783937,0.963548,1.397571,2.125081,3.493996,5.464981,6.771292,7.700541,False,0.0,0.26,68.78,1.887,9.97,100,2.65,,,,,0.5
35,0.007235,0.019804,0.031575,0.093011,0.177971,0.271516,0.369477,0.507527,1.358514,3.787466,9.59307,True,4.73,36.85,92.31,1.939,11.22,100,2.65,,,,,2.8
36,0.12736,0.188038,0.263019,0.317647,0.38362,0.463297,0.632703,0.939133,2.213342,3.81687,8.163151,False,0.0,6.94,89.07,1.898,8.66,100,2.65,1.1718e-07,30.0,,,1.2
37,0.149854,0.381877,0.883186,1.833354,4.278098,8.331801,12.224687,17.46908,23.457963,27.18319,29.696584,True,2.01,6.96,41.22,2.175,7.47,150,2.66,,,,,
38,0.193494,0.392582,0.713929,1.460804,3.239451,6.877837,11.138874,16.770735,24.220216,29.106567,38.698369,True,0.0,4.75,43.78,2.125,8.29,150,2.65,,,,,
39,0.02678,0.06723,0.125733,0.177355,0.25007,0.287601,0.330764,0.380405,0.437496,0.469179,0.48928,True,2.37,18.97,100.0,1.946,11.59,100,2.67,,,,,1.5
40,0.001213,0.010605,0.023241,0.044183,0.114932,0.25289,0.37097,0.569248,1.066763,2.927167,9.001245,True,11.6,44.05,93.89,1.951,11.9,100,2.65,,,,,
41,0.029989,0.172979,0.520789,0.984213,1.732293,3.628278,7.41975,13.762272,22.542239,28.312906,37.414514,True,1.44,13.98,52.55,2.099,7.7,150,2.65,,,,,
42,0.004866,0.047448,0.1422,0.24847,0.352999,0.500375,0.7281,1.121626,2.708511,6.116544,10.955261,True,6.53,22.02,87.76,1.974,10.91,100,2.63,,,,,2.0
43,0.024857,0.164585,0.423359,0.763695,1.19479,1.712979,2.416836,3.368896,5.774137,8.871387,13.731447,True,0.79,14.01,64.3,2.034,10.08,150,2.65,,,,,
44,0.340628,0.850356,2.25301,5.507339,10.022761,15.134178,21.672247,30.779061,44.015107,52.658824,58.639842,False,0.0,2.89,28.73,2.129,7.58,150,2.65,,,,,
45,0.001992,0.016241,0.053291,0.096607,0.151742,0.215732,0.322944,0.503661,1.638804,4.642763,9.368378,True,10.02,32.55,91.0,2.087,8.43,100,2.65,,,,,
46,0.30137,0.423315,0.594604,0.835201,2.354293,6.798811,11.760816,18.167316,25.882943,31.151748,38.66311,False,0.0,1.9,49.2,1.951,6.3,150,2.65,,,,,
47,0.146277,0.269307,0.331316,0.407602,0.50175,0.643946,0.82644,1.177916,2.634722,5.162773,9.761675,False,0.0,6.61,87.63,1.903,8.45,100,2.65,1.405061e-05,30.0,,,1.2
48,0.148151,0.264076,0.440611,0.723422,1.238927,2.318119,4.344146,8.686895,14.354969,20.568056,26.81708,True,0.88,4.94,57.6,2.155,7.0,150,2.65,,,,,
49,0.039275,0.140258,0.23905,0.327026,0.438452,0.616413,0.900636,1.838642,5.568438,11.296295,19.212015,False,0.0,13.2,81.0,2.024,8.55,100,2.65,6.15e-09,30.0,,,
50,0.167345,0.305821,0.427665,0.604396,0.86206,1.425012,2.848828,6.607852,14.043692,27.61257,45.417111,False,0.0,5.05,65.57,2.054,9.06,100,2.65,6.54685e-06,30.0,,,0.5
51,0.003765,0.022501,0.122144,0.211038,0.322875,0.469818,0.771959,1.595781,5.088951,9.682384,13.087748,True,8.54,25.13,82.43,2.095,8.71,100,2.66,2e-10,30.0,22.65,12.41,1.6
52,0.264524,0.393706,0.613772,1.050535,2.562165,4.818458,7.905502,12.239313,20.250492,27.498752,38.214285,False,0.0,3.38,46.53,2.168,5.97,150,2.65,,,,,
53,0.040236,0.075662,0.130809,0.163259,0.203757,0.255023,0.330201,0.427541,0.695922,1.291963,8.979696,False,0.0,17.1,96.16,1.992,9.2,100,2.65,,,,,
54,0.013923,0.089154,0.19182,0.276334,0.33844,0.414503,0.529732,1.353232,9.437089,17.21511,24.977731,False,0.0,18.13,82.26,2.051,8.27,100,2.65,,,,,0.7
55,0.00248,0.00833,0.01696,0.02567,0.03803,0.06681,0.20456,0.38502,0.76225,1.072518,1.316403,True,8.21,58.96,100.0,1.894,14.06,100,2.67,,,,,
56,0.149002,0.306,0.511615,0.936252,2.02864,4.617198,8.438489,14.711877,21.837485,26.227481,29.274465,False,0.0,5.77,49.84,2.168,6.94,150,2.66,,,,,
57,0.007454,0.053429,0.136816,0.221776,0.326298,0.464982,0.792934,1.964315,8.363305,17.758994,25.046882,True,6.33,21.58,80.16,2.083,9.28,100,2.63,,,23.43,13.83,1.6
58,0.131005,0.286911,0.477811,0.812382,1.536789,3.037918,6.666096,11.872687,20.001425,26.383663,31.152979,True,0.63,5.04,53.74,2.194,7.3,150,2.67,,,,,
59,0.000465,0.001105,0.002627,0.009323,0.021256,0.036595,0.058997,0.104937,0.205229,0.342632,0.578682,True,26.85,71.28,99.8,1.716,19.23,100,2.66,,,,,4.8
60,0.091386,0.264118,0.425855,0.739995,1.726417,6.978587,16.230996,20.452741,25.772577,28.930839,31.008655,True,1.58,8.1,51.32,2.162,5.65,150,2.65,,,,,
61,0.266284,0.651214,1.310239,2.770142,6.988939,10.368025,14.046019,20.760592,33.089615,45.657921,55.387375,False,0.0,3.39,36.48,2.055,5.44,150,2.65,,,,,
62,0.36127,0.7077,1.48125,3.14601,5.44087,8.14171,12.82623,18.40475,25.86135,30.655742,33.949095,False,0.0,0.0,33.99,2.19,6.31,150,2.69,,,,,
63,0.3367,0.51772,0.68202,0.84633,1.04165,1.6853,3.16077,7.98846,28.05688,52.580841,76.647929,False,0.0,0.0,62.72,1.925,7.68,150,2.65,,,,,
64,0.001666,0.005585,0.012001,0.017504,0.023067,0.027539,0.033061,0.040515,0.071526,0.148558,0.400946,True,11.57,89.02,99.43,1.811,15.5,100,2.65,,,27.67,18.56,
65,0.251203,0.319345,0.40597,0.513658,0.630003,0.772701,0.94772,1.334796,1.975079,2.799121,3.472212,False,0.0,1.2,90.32,1.699,12.31,100,2.65,,,,,
66,0.277392,0.729683,1.768233,5.251258,9.437893,12.725807,17.159308,23.138112,31.200105,43.509158,54.329611,False,0.0,3.8,31.37,2.105,8.36,150,2.65,,,,,
67,0.234594,0.353168,0.509708,0.797139,1.452169,3.585901,11.274953,24.451829,41.022872,50.837397,57.819942,False,0.0,3.97,54.23,2.115,7.73,150,2.65,,,,,
68,0.017354,0.178062,0.283065,0.354068,0.442881,0.565658,0.740542,0.969495,2.690451,8.162952,17.611099,False,4.16,13.5,88.31,1.994,10.46,100,2.65,1.06909e-06,30.0,,,0.9
69,0.352068,1.546163,4.204009,8.051035,11.703269,16.649237,21.219039,27.04314,37.504189,48.60827,56.792161,False,0.0,3.77,21.76,2.032,5.15,150,2.65,,,,,
70,0.002387,0.004587,0.008815,0.016939,0.03255,0.062549,0.120196,0.252038,0.395659,0.495734,4.50777,False,7.32,60.11,97.39,1.704,15.76,100,2.65,,,,,3.5
71,0.216762,0.418074,0.572114,0.696669,0.848341,1.082662,1.75203,3.630136,9.396626,16.565035,24.359214,False,0.0,4.85,72.75,1.962,9.61,150,2.64,,,,,
72,0.253303,0.331098,0.432788,0.548656,0.671094,0.820855,1.009443,1.61499,4.977963,10.621999,13.581711,False,0.0,4.03,84.55,1.893,11.38,100,2.65,,,,,
73,0.290952,0.464019,0.698841,1.043022,1.582774,2.488277,4.103344,7.144336,16.315509,22.846443,27.960787,False,0.54,2.76,55.61,1.942,4.04,100,2.65,,,,,0.5
74,0.015205,0.079639,0.177986,0.281037,0.38333,0.531897,0.817221,1.513113,3.620507,6.226565,9.717435,True,3.55,18.17,83.57,2.043,9.29,100,2.65,,,,,
75,0.15668,0.32289,0.51648,0.95233,2.04082,4.82778,8.61784,15.03043,23.34575,29.095515,33.204502,False,0.0,0.0,49.73,2.165,6.82,100,2.66,,,,,
76,0.146816,0.308669,0.567989,1.421723,3.954183,8.113154,11.85898,17.068492,23.187443,27.025996,29.627773,True,1.58,5.91,42.9,2.176,7.87,150,2.7,,,,,
77,0.018287,0.193294,0.303675,0.38918,0.498761,0.745312,1.310838,3.194619,7.149167,11.925683,17.737325,False,2.74,14.08,74.23,2.078,9.46,100,2.65,,,,,
78,0.009325,0.012553,0.017659,0.025677,0.036438,0.060417,0.262387,2.754019,16.881726,23.060233,27.805571,True,0.69,60.41,78.68,1.862,13.36,100,2.65,1.03e-09,30.0,,,
79,0.26419,0.4204,0.72079,1.56421,3.27673,5.63594,9.04282,17.22521,28.37935,36.426832,42.312899,False,0.0,0.0,43.32,2.098,5.52,150,2.65,,,,,
80,0.175519,0.27461,0.337548,0.414911,0.51312,0.672043,0.880187,1.471892,3.904598,7.380732,17.374004,False,0.0,3.19,84.18,1.883,10.82,100,2.65,0.00015537104,3.75,,,
81,0.198509,0.408001,0.772058,1.586999,3.01223,5.309284,8.910889,13.716561,20.984862,25.911778,29.407077,True,0.25,4.4,43.04,2.091,8.87,150,2.65,,,,,
82,0.087837,0.225932,0.387254,0.64021,1.119592,3.014117,9.162283,17.754688,23.648946,27.293622,29.744783,True,1.15,7.08,56.42,2.106,6.87,150,2.64,,,,,
83,0.200947,0.944845,2.03319,3.253902,5.057272,7.682074,12.01166,17.754688,23.648946,27.293622,29.744783,False,0.0,6.14,29.65,2.172,7.94,150,2.68,,,,,
84,0.007719,0.030937,0.06808,0.124773,0.185739,0.276837,0.414913,0.793474,5.028939,9.820351,13.162028,True,1.25,28.72,85.61,2.043,7.71,100,2.65,,,,,
85,0.2273,0.351422,0.50429,0.631426,0.790613,0.989934,1.537014,2.694564,6.458702,12.34216,20.772387,False,0.0,4.13,75.85,1.918,5.36,100,2.65,0.00017035324,30.0,,,0.4
86,0.023378,0.264226,0.347503,0.457028,0.609507,0.818404,1.134965,1.68579,3.337162,5.342806,7.143307,True,0.0,12.37,84.32,2.075,8.66,100,2.78,9.56664e-06,1.65,,,0.6
87,0.167353,0.329302,0.498962,2.401105,6.047062,10.602653,16.569185,23.264366,33.685685,46.067322,55.5855,False,0.0,5.73,38.46,2.19,7.59,150,2.68,,,,,
88,0.456115,0.906416,2.073294,3.8562,5.662079,8.255882,13.502414,18.910285,24.406433,27.727291,29.932935,False,0.0,0.66,29.42,2.097,6.3,150,2.65,,,,,
89,0.263679,0.326021,0.403104,0.498411,0.60061,0.723482,0.871491,1.101125,1.592683,1.915472,2.842037,False,0.0,1.48,96.17,1.711,7.44,100,2.65,,,,,0.3
90,0.188557,0.360989,0.705802,3.11939,7.945754,12.072533,17.546311,23.388453,31.17577,43.40298,54.27654,False,0.0,5.84,36.55,2.153,7.18,150,2.65,,,,,0.8
91,0.093021,0.253668,0.465442,0.888675,3.029451,12.057554,19.232517,24.931753,33.528961,45.960032,55.533681,False,0.0,6.36,47.46,2.152,7.18,150,2.7,,,,,
92,0.301481,0.423753,0.557444,0.688796,0.851099,1.060889,1.359964,1.743351,2.49582,3.197428,3.709825,False,0.0,0.83,85.53,1.778,11.28,100,2.65,,,,,
93,0.001416,0.007535,0.01505,0.022201,0.02867,0.037708,0.056253,0.117149,0.305441,0.629961,1.777229,True,11.81,71.68,98.23,1.881,12.66,100,2.65,2.09e-09,30.0,26.29,18.13,
94,0.100958,0.146559,0.17597,0.211284,0.255888,0.342316,0.457935,0.712325,1.663157,5.180229,11.313708,True,2.81,7.13,91.2,1.845,11.82,100,2.65,,,,,
95,0.20055,0.43813,0.88582,1.92925,3.64151,6.78749,11.39627,16.85563,24.42781,29.407243,32.869732,False,0.0,0.0,40.57,2.143,8.21,150,2.68,,,,,
96,0.562787,0.78461,1.10438,1.595203,2.464427,4.140859,5.722183,7.907387,18.074032,26.149554,36.07517,False,2.55,3.24,46.15,2.098,6.93,150,2.65,,,,,
97,0.314356,0.594604,0.942715,1.498249,2.373026,3.735181,5.806553,9.295417,16.341372,25.858577,38.766023,False,0.0,0.9,46.23,2.113,8.5,150,2.66,,,,,
98,0.366125,0.573365,0.77885,1.075422,1.596628,2.258168,2.994852,3.971865,6.163716,7.693809,11.428492,False,0.0,1.02,55.7,1.976,7.18,100,2.65,1.7045e-06,30.0,,,
99,0.009204,0.054815,0.167201,0.272032,0.378355,0.529781,0.769488,1.270069,3.672513,8.474302,15.376907,False,1.42,20.78,85.66,2.062,9.47,100,2.63,,,,,
100,0.31534,0.47774,0.64594,0.81507,0.9842,1.62321,3.06082,7.87718,19.74483,31.260413,41.183144,False,0.0,0.0,63.29,1.884,9.52,100,2.65,,,,,
101,0.153012,0.320829,0.530221,0.734601,1.01788,1.413286,1.962289,2.740452,3.828572,6.250532,10.016623,False,0.0,5.76,70.58,1.952,9.56,100,2.65,,,,,
102,0.126783,0.296343,0.496908,0.909809,2.836574,9.697026,17.245323,21.829013,27.631016,31.086959,46.107212,True,2.42,4.34,47.57,2.099,5.96,150,2.65,,,,,
103,0.006522,0.036498,0.230004,0.341481,0.480865,0.687781,0.985708,1.56204,2.568829,3.356397,3.940545,True,2.82,21.61,85.32,2.0,11.68,100,2.67,4.6062e-07,2.37,,,1.9
104,0.001958,0.006067,0.027179,0.059501,0.094682,0.145979,0.214734,0.339322,0.65589,1.532323,4.555155,True,10.24,41.23,95.88,2.06,10.16,100,2.68,,,,,
105,0.07329,0.236969,0.394425,0.662231,1.304559,4.654899,14.802655,20.415482,26.599767,30.362458,42.920062,True,1.29,9.13,54.05,2.209,5.72,150,2.69,,,,,
106,0.001429,0.005353,0.011094,0.017643,0.024897,0.034112,0.050628,0.123788,0.899238,3.237273,9.952566,True,12.08,73.07,93.27,1.853,14.1,100,2.65,1e-10,30.0,,,
107,0.000785,0.007976,0.038333,0.092346,0.157101,0.227683,0.341205,0.531464,1.370595,4.57036,10.480317,True,13.56,35.15,91.93,1.99,9.25,100,2.66,5.4e-10,30.0,30.92,13.86,1.8
108,0.225386,0.330736,0.450744,0.592188,0.763782,0.985099,1.541148,2.733165,6.894079,18.692243,25.5653,False,0.0,3.31,75.67,1.926,10.95,100,2.65,1.47777e-05,20.03,,,
109,0.18513,0.333519,0.488319,0.666416,0.905248,1.46421,2.811282,6.405632,15.077451,25.833449,40.978201,False,0.0,5.02,65.52,2.046,8.58,100,2.65,8.480944e-05,3.75,,,
110,0.119448,0.238083,0.375454,0.626292,1.394146,3.545108,7.117566,12.404114,20.283188,25.479463,29.216132,True,0.18,4.79,53.03,2.086,6.88,150,2.65,,,,,
111,0.012098,0.024608,0.050053,0.101811,0.169066,0.258452,0.39369,0.711746,2.619942,6.72416,12.708864,False,0.0,33.24,88.66,2.013,10.37,100,2.65,,,,,
112,0.323772,0.55615,0.778871,1.300309,2.825043,4.72706,7.042005,15.151715,29.396969,42.722169,53.934375,False,0.0,2.22,44.23,2.101,6.9,150,2.65,,,,,
113,0.25128,0.316911,0.399684,0.504265,0.642779,0.81934,1.096637,1.836018,3.843373,6.803191,10.921021,False,0.0,2.84,81.66,1.882,9.85,100,2.65,,,,,
114,0.284255,0.369418,0.480097,0.585137,0.704808,0.848954,1.03855,1.423382,1.950812,2.745582,3.44104,False,0.0,0.44,90.79,1.75,8.91,100,2.65,0.00020323086,30.0,,,0.3
115,0.000882,0.002116,0.005213,0.010924,0.022359,0.044172,0.094693,0.231018,0.41398,0.632175,0.99251,True,19.36,64.57,98.98,1.759,16.02,100,2.65,4e-11,30.0,39.62,20.5,3.6
116,0.000144,0.000584,0.002357,0.006743,0.020873,0.129515,0.244053,0.373227,0.645849,0.9923,2.254206,True,28.82,55.27,97.71,1.77,15.8,100,2.65,,,50.25,25.7,4.2
117,0.016744,0.2108,0.366039,0.596887,1.02398,2.87503,8.173909,16.958904,23.112886,26.982511,29.608696,True,4.76,11.87,56.78,2.079,8.33,150,2.67,,,,,
118,0.29094,0.40633,0.552169,0.717458,0.932227,1.344501,2.01684,3.213487,5.165199,6.573998,7.597577,False,0.0,1.29,69.82,1.873,8.39,100,2.65,1.23814e-06,30.0,,,0.3
119,0.000167,0.000405,0.000984,0.002392,0.005385,0.012536,0.04421,0.144036,0.463093,0.988806,3.781396,True,37.98,72.97,96.98,1.609,20.71,100,2.65,,,,,
120,0.000685,0.004373,0.0213,0.066305,0.128558,0.191957,0.290674,0.452262,1.117287,3.781683,9.717435,True,15.01,39.25,92.73,2.044,9.3,100,2.65,,,29.04,12.59,3.0
121,0.266439,0.450993,0.895648,2.882931,6.320931,9.749157,13.197103,18.188907,25.869725,30.852078,44.785117,False,0.0,4.15,36.36,2.178,6.5,150,2.65,,,,,
122,0.760737,4.33892,8.338219,10.716752,13.773777,17.097726,20.158025,23.766082,28.019941,30.4244,31.963275,False,0.0,3.29,13.84,1.886,6.39,150,2.65,,,,,
123,0.009459,0.02218,0.052007,0.121949,0.193133,0.297302,0.447395,0.862249,3.618089,8.527607,14.981904,False,0.0,32.25,86.81,2.004,10.77,100,2.65,1.44e-09,30.0,,,
124,0.260098,0.376581,0.530757,0.685001,0.884069,1.263344,1.985583,4.806669,20.190874,30.965743,47.19393,False,0.0,1.89,70.16,1.926,10.95,100,2.65,1.30196e-05,15.05,,,
125,0.14817,0.28004,0.36976,0.45949,0.61956,0.83755,1.22034,2.23041,5.24385,8.0405,10.391128,False,0.0,0.0,78.19,1.89,10.64,100,2.65,,,,,
126,0.001367,0.005334,0.019854,0.061542,0.120086,0.195791,0.323525,0.563458,1.270337,5.580491,16.793205,True,12.64,40.35,92.94,2.045,10.37,100,2.65,,,,,
127,0.078642,0.2412,0.440961,0.753992,1.408942,3.776627,9.243591,16.961,23.625462,27.883336,30.798062,True,1.18,8.55,54.69,2.077,7.19,150,2.67,,,,,
128,0.294585,0.428479,0.571862,0.718584,0.90295,1.11278,1.349993,1.637775,1.986903,2.798022,3.473181,False,0.0,0.13,90.34,1.656,12.3,100,2.65,,,,,
129,0.011906,0.037299,0.116855,0.19481,0.298681,0.435769,0.743527,1.826656,7.025628,13.049136,20.893598,False,0.0,24.59,80.79,1.991,10.6,100,2.65,1.8e-10,30.0,,,
130,0.002409,0.003936,0.005944,0.008153,0.026195,0.0914,0.255089,0.399167,0.76185,1.562531,8.664066,True,6.35,56.66,95.99,1.825,14.07,100,2.65,1.1e-10,30.0,,,3.9
131,0.309914,0.457366,0.58372,0.713525,0.872195,1.127911,1.644921,2.648255,5.226094,8.443129,13.402632,False,0.0,1.9,75.18,1.852,10.11,100,2.65,0.00010612397,7.5,,,0.4
132,0.007233,0.020837,0.049744,0.102238,0.197134,0.362972,0.753582,2.833121,12.50955,21.088345,27.085296,True,3.32,33.28,77.9,1.906,10.59,100,2.622,,,32.33,19.51,3.6
133,0.001337,0.003054,0.006087,0.012358,0.034137,0.103463,0.262519,0.672062,1.678952,2.852522,4.272329,True,14.83,55.75,92.07,1.909,13.88,100,2.65,1.0562e-07,29.75,,,
134,0.039457,0.176683,0.281128,0.395811,0.571037,0.868292,1.499681,2.985851,7.0766,12.016308,17.954322,False,1.08,11.4,74.71,2.002,8.04,100,2.65,5.68769e-06,30.0,,,
135,0.00338,0.014552,0.035882,0.103034,0.220661,0.364549,0.61349,1.35601,4.710633,7.983137,12.112238,True,7.61,35.52,83.19,1.862,12.19,100,2.67,,,38.41,21.27,3.5
136,0.00268,0.00633,0.01271,0.02171,0.03768,0.05864,0.13636,0.41026,1.88462,4.0393,6.381981,True,6.61,60.85,90.39,1.768,17.69,100,2.67,,,,,
137,0.13346,0.29968,0.48363,0.85015,1.62026,3.20598,6.94788,12.55859,21.15694,27.460525,32.111636,False,0.0,0.72,53.09,2.193,7.42,150,2.704,,,,,
138,0.008784,0.019801,0.044635,0.100615,0.171048,0.26139,0.387725,0.654472,2.095179,6.097215,11.055303,False,0.0,34.24,89.78,2.019,10.27,100,2.63,5.1e-10,30.0,,,
139,0.337457,0.559582,0.828373,1.428343,2.704599,4.668001,7.351877,11.604282,18.684723,24.260437,28.375647,False,0.0,1.28,44.91,2.071,7.04,150,2.64,,,,,
140,0.001031,0.003894,0.010321,0.023651,0.051382,0.130793,1.368297,5.394236,13.607867,21.211939,27.144922,True,14.84,52.22,71.61,1.839,15.39,100,2.69,,,40.68,18.69,
141,0.000396,0.005114,0.010285,0.015944,0.022509,0.029697,0.040855,0.09152,0.336069,0.90643,3.174802,True,14.06,76.73,97.1,1.849,15.1,100,2.68,,,,,2.5
142,0.034447,0.138565,0.308439,0.53624,0.758226,1.043337,1.288518,1.591315,1.965268,2.911088,3.81364,False,0.0,14.15,90.83,1.962,12.42,100,2.65,,,,,
143,0.001709,0.008423,0.022946,0.058746,0.156144,0.291754,0.499731,1.08568,3.037296,5.958928,10.063803,True,10.7,40.78,86.54,1.861,13.32,100,2.65,4.42e-09,30.0,,,2.9
144,0.27091,0.36468,0.45846,0.58606,0.74057,0.89508,1.14587,1.60036,2.24068,2.651312,2.932983,False,0.0,0.0,86.62,1.774,10.75,100,2.65,,,,,
145,0.16148,0.34001,0.54232,0.7775,1.02553,1.49895,1.97237,2.90865,3.87363,4.470246,4.871464,False,0.0,0.0,70.36,1.962,10.54,150,2.65,,,,,
146,0.01165,0.014875,0.017428,0.020785,0.027836,0.042808,0.074047,0.127925,0.287489,0.631495,1.859818,True,0.0,67.01,98.13,1.709,18.58,100,2.65,,,,,
147,0.30602,0.42614,0.62154,0.93707,2.20837,4.51703,7.63678,14.13766,25.81827,34.890078,41.79909,False,0.0,0.0,48.84,2.065,4.71,150,2.68,,,,,
148,0.02112,0.126946,0.265885,0.326944,0.402025,0.494347,0.655495,0.872999,2.471119,5.085359,7.238484,True,0.0,17.68,88.7,2.091,8.54,100,2.65,2.96998e-06,1.98,,,0.5
149,0.003016,0.009466,0.029714,0.093269,0.253585,0.555689,2.346921,10.392892,20.095301,25.159531,28.791702,False,6.41,36.57,69.25,1.934,13.08,100,2.65,,,,,
150,0.005456,0.027995,0.131334,0.234919,0.33995,0.479606,0.708369,1.132927,3.79231,11.060313,21.072533,False,3.86,24.96,85.92,2.037,9.34,100,2.65,6.232e-07,30.0,,,
151,0.095744,0.239967,0.439865,0.724524,1.220763,2.270468,4.089552,6.425609,11.704898,17.51376,24.907956,True,0.79,7.3,57.87,2.026,7.95,150,2.65,,,,,
152,0.006876,0.028575,0.118751,0.335301,0.914285,3.16951,8.927653,17.233412,25.123684,30.334675,44.551203,False,1.31,25.55,56.32,2.025,9.74,150,2.65,,,,,
153,0.22067,0.418051,0.866519,2.274199,5.595488,10.185479,16.4612,23.48174,34.902261,46.891817,55.981322,False,0.0,3.76,38.81,2.199,6.65,150,2.65,,,,,
154,0.057778,0.215045,0.423592,0.704024,1.092965,1.590381,2.195085,2.788446,3.542201,3.992351,9.444253,False,0.0,10.37,66.11,2.016,9.55,100,2.65,5.1135e-07,30.0,,,1.8
155,5e-06,4e-05,0.00035,0.003084,0.027149,0.154767,0.288912,0.44727,0.931476,2.482994,5.388427,False,38.03,53.87,94.07,1.734,17.73,100,2.65,1.1e-10,30.0,,,
156,0.24303,0.40599,0.57375,0.75285,0.93196,1.41602,2.27589,5.10353,13.46081,21.861072,29.243652,False,0.0,0.0,67.28,1.941,8.91,150,2.65,,,,,
157,0.533298,0.685363,0.880787,1.41077,2.746089,5.028392,8.855861,15.990548,25.394043,32.0,48.046784,False,0.0,0.0,45.01,2.033,6.73,150,2.63,,,,,
158,0.469947,0.88898,1.800014,3.543781,5.224274,7.238031,10.637093,16.037847,22.47648,26.608441,29.443817,False,0.0,1.19,31.45,2.107,3.54,150,2.65,4.86608e-06,7.5,,,0.3
159,0.001187,0.004857,0.010005,0.015569,0.021174,0.027214,0.034724,0.055343,1.853489,10.47409,13.505744,True,13.23,80.72,90.09,1.799,16.67,100,2.67,,,27.27,15.73,
160,0.1534,0.27686,0.35159,0.42632,0.50254,0.6825,0.86245,1.23602,2.79626,4.205848,5.373029,False,0.0,0.0,85.89,1.903,8.45,100,2.65,,,,,
161,0.184749,0.346933,0.651491,1.090508,1.429613,1.874168,2.442269,3.181598,4.171824,4.84799,5.305217,False,0.0,0.0,62.4,1.886,9.14,100,2.65,,,,,
162,0.061643,0.095272,0.147247,0.227576,0.351728,0.54361,0.840171,1.587401,3.153494,4.278442,5.235551,False,0.0,10.5,83.0,2.002,9.56,100,2.72,,,,,
163,7.5e-05,0.000328,0.00143,0.006241,0.027241,0.118892,0.263254,0.464429,1.207181,3.812954,7.941638,False,32.3,55.69,92.44,1.92,12.76,100,2.66,2e-10,30.0,,,
164,0.291978,0.407386,0.591748,0.916603,2.14978,4.375613,7.513663,13.617228,24.245392,33.130071,48.718429,False,0.0,0.0,49.03,2.065,4.71,150,2.67,,,,,
165,0.00514,0.020795,0.047622,0.135887,0.206311,0.292194,0.390033,0.571086,4.594793,10.14084,13.332192,True,7.61,32.32,87.8,2.045,11.79,100,2.78,8.0692e-07,1.61,,,0.6
166,0.001594,0.007598,0.014468,0.022567,0.033085,0.053575,0.098829,0.181435,0.359476,0.62672,2.154186,True,10.92,62.64,97.76,1.872,13.91,100,2.65,2.2e-10,30.0,29.33,18.03,1.8
167,0.000373,0.001529,0.005404,0.011581,0.023108,0.046004,0.088225,0.179497,0.390852,0.699329,1.66568,True,21.9,64.8,98.38,1.748,17.15,100,2.65,6e-11,30.0,41.26,23.84,
168,0.001042,0.005304,0.00968,0.014648,0.01938,0.024827,0.031024,0.040747,0.105039,0.313931,0.855898,True,14.39,87.62,99.0,1.802,16.66,100,2.67,,,,,2.1
169,0.000363,0.000958,0.002525,0.006925,0.034107,0.100816,0.210472,0.342575,0.550214,0.860487,1.662476,True,27.6,55.08,98.48,1.727,17.86,100,2.65,,,,,
170,0.260011,0.422184,0.714917,1.475626,3.088758,5.16923,8.005917,11.586717,17.689538,26.263721,37.711074,False,0.22,4.49,43.04,2.164,7.01,150,2.7,,,,,
171,0.191444,0.297487,0.381795,0.489996,0.650701,0.866716,1.356836,2.6918,6.832697,13.265064,22.014338,False,0.0,3.9,76.37,1.955,9.18,100,2.65,0.00012485172,3.75,,,
172,0.134174,0.255832,0.402088,0.667762,1.31611,3.054622,5.669355,10.590775,19.724221,24.92615,28.684575,True,0.61,4.16,54.22,2.077,6.88,150,2.65,,,,,
173,0.08824,0.23697,0.40367,0.64381,0.98896,2.67318,8.59645,16.04356,24.02178,29.393913,33.177888,False,0.0,6.59,57.08,2.08,6.4,150,2.65,,,,,
174,0.020377,0.112585,0.258939,0.321219,0.398479,0.494321,0.683268,0.950172,1.533458,1.974862,2.987518,True,0.0,18.89,95.25,2.139,8.09,100,2.78,9.09602e-06,1.6,,,0.6
175,0.001582,0.00553,0.01288,0.024906,0.047364,0.127564,0.224216,0.382914,0.905258,3.853679,10.26011,True,11.44,52.88,93.24,1.727,16.02,100,2.65,,,33.85,19.23,5.2
176,0.186528,0.341548,0.521576,0.697998,0.934094,1.325145,1.913711,2.658549,3.673804,5.358051,7.757093,False,0.0,4.28,71.2,1.975,9.59,100,2.65,,,,,
177,0.006874,0.103134,0.258187,0.354112,0.485676,0.718191,1.113615,2.142173,5.937652,12.060812,20.654479,False,5.46,18.18,79.25,2.122,8.52,100,2.65,,,,,
178,0.12755,0.31137,0.49782,0.9318,3.00775,10.22212,17.76777,23.33526,28.90275,32.166398,34.298915,False,0.0,2.1,46.52,2.099,5.96,150,2.65,,,,,
179,0.008036,0.051716,0.16668,0.27174,0.374949,0.519536,0.745843,1.153751,2.949714,6.980696,11.590603,False,2.52,21.06,87.27,2.083,8.95,100,2.63,,,,,
180,0.13207,0.28587,0.45659,0.86739,2.29961,6.11558,11.6691,17.70114,24.85057,29.444482,32.599013,False,0.0,0.41,48.57,2.156,8.15,150,2.71,,,,,
181,0.197972,0.393107,0.603118,0.834703,1.198073,1.799898,2.427932,3.154102,4.360497,6.969632,10.803507,False,0.0,4.33,62.59,1.993,9.79,100,2.65,,,,,
182,0.27729,0.354247,0.452561,0.563735,0.690146,0.844904,1.055448,1.458066,2.030066,2.849607,3.492609,False,0.0,0.2,89.78,1.746,11.73,100,2.65,0.0001716736,3.75,,,0.2
183,0.186807,0.29049,0.451721,0.702439,1.03439,1.224916,1.450535,1.717712,2.088163,2.590814,3.658765,False,0.0,0.0,89.0,1.831,13.38,100,2.65,,,,,
184,0.154459,0.298764,0.412114,0.546485,0.682876,0.853306,1.170504,2.039046,5.475212,9.969599,16.625407,False,0.0,5.55,79.8,1.926,10.38,100,2.65,,,,,0.5
185,0.002003,0.004466,0.012412,0.042861,0.300661,0.81731,2.094107,6.185015,15.240355,22.003374,27.288649,True,9.99,41.97,69.6,1.952,9.54,150,2.66,,,,,2.5
186,0.12603,0.177413,0.249744,0.29979,0.359692,0.431564,0.545408,0.857718,2.320518,5.989251,16.74274,False,0.0,7.38,89.05,1.898,10.14,100,2.65,,,,,1.3
187,0.262019,0.337722,0.435297,0.550934,0.682174,0.844678,1.113407,1.857019,4.30695,10.805009,21.88485,False,0.0,2.95,81.45,1.841,7.45,100,2.65,,,,,
188,0.262522,0.409387,0.638414,0.995567,2.727102,5.937202,9.996557,15.12702,22.860597,29.483701,37.109211,False,0.0,4.1,46.6,1.988,6.5,150,2.65,,,,,
189,0.001347,0.008235,0.027831,0.083787,0.170144,0.290487,0.442828,0.778081,2.065997,4.843213,9.309799,True,11.93,36.55,89.8,1.957,10.55,100,2.65,2.06e-09,30.0,30.84,17.29,2.7
190,0.000324,0.000991,0.002984,0.008524,0.022478,0.09563,0.295871,0.543019,1.510473,4.310013,9.538295,True,26.28,57.46,91.62,1.71,16.59,100,2.65,3.9e-10,30.0,60.53,29.54,4.0
191,0.002881,0.011201,0.025252,0.044632,0.076896,0.127275,0.168699,0.223605,0.33375,0.423932,0.489352,True,7.83,46.16,99.86,1.841,12.8,100,2.65,,,27.94,18.18,
192,0.237326,0.309594,0.388851,0.488398,0.601537,0.739222,0.908421,1.251992,1.907113,2.709973,3.429574,False,0.0,1.31,91.13,1.684,12.66,100,2.65,,,,,
193,0.002596,0.01375,0.072833,0.190724,0.31255,0.463404,0.691903,1.074778,2.969485,6.91846,14.021063,False,8.45,29.13,87.32,2.045,9.73,100,2.63,,,,,
194,0.317978,0.512453,0.643546,0.808174,1.029417,1.608068,2.991112,7.982499,26.96365,43.313624,54.231815,False,0.0,1.66,64.89,1.925,7.68,150,2.65,,,,,
195,0.13418,0.29888,0.49767,0.95465,1.96202,3.75411,8.05601,13.86693,22.65907,28.964962,33.562282,False,0.0,0.56,50.3,2.142,8.54,100,2.7,,,,,
196,0.100777,0.212256,0.341667,0.52661,0.955715,2.339938,4.493148,7.795487,16.941993,26.677379,40.106383,True,0.0,5.9,57.69,2.057,7.9,100,2.65,,,,,
197,0.090191,0.126268,0.176777,0.247489,0.346487,0.485085,0.679124,0.950781,1.847298,2.754418,5.257618,False,0.0,0.0,91.1,1.85,8.2,150,2.65,,,,,
198,0.176777,0.303513,0.407383,0.559104,0.807431,1.353154,3.230437,9.337932,19.88279,28.101395,40.809084,False,0.0,3.91,65.4,2.059,9.02,150,2.65,,,,,
199,0.00039,0.001069,0.002937,0.00753,0.014572,0.031049,0.105558,0.312777,0.629716,1.34152,5.694682,True,26.2,65.97,96.4,1.711,19.03,100,2.65,8e-11,30.0,,,
200,0.001073,0.004276,0.010616,0.020019,0.035239,0.065721,0.141798,0.272109,0.42022,0.604253,1.358071,True,14.56,59.46,98.43,1.882,14.07,100,2.65,7e-11,30.0,32.3,17.37,2.8
